customer_id,facility_id,unit_id,unit_name,temperature,temperature_unit,timestamp,sensor_id,set_temperature,size,size_unit,city,country,quality_score
FOOD,facility_FOOD_1,unit_FOOD_1_1,Freezer Unit 1,-19.91,F,2025-06-17T23:39:31.050372,sensor_freezer_unit_1_3,-20.1,9606,sqft,Manchester,England,0.8331536296829384
FOOD,facility_FOOD_1,unit_FOOD_1_2,Freezer Unit 2,-6.75,F,2025-06-17T23:39:31.050372,sensor_freezer_unit_2_3,-6.7,9383,sqft,Manchester,England,0.8514617270693353
FOOD,facility_FOOD_1,unit_FOOD_1_3,Freezer Unit 3,0.75,F,2025-06-17T23:39:31.050372,sensor_freezer_unit_3_4,0.6,2065,sqft,Manchester,England,0.8365324323111405
FOOD,facility_FOOD_1,unit_FOOD_1_4,Freezer Unit 4,-17.47,F,2025-06-17T23:39:31.050372,sensor_freezer_unit_4_4,-17.6,1244,sqft,Manchester,England,0.8594215977037267
FOOD,facility_FOOD_1,unit_FOOD_1_1,Freezer Unit 1,-19.9,F,2025-06-17T23:44:47.050372,sensor_freezer_unit_1_2,-20.1,9606,sqft,Manchester,England,0.8339699472757062
FOOD,facility_FOOD_1,unit_FOOD_1_4,Freezer Unit 4,-17.27,F,2025-06-17T23:48:49.050372,sensor_unknown_705,-17.6,1244,sqft,Manchester,England,0.843068746854646
FOOD,facility_FOOD_1,unit_FOOD_1_2,Freezer Unit 2,-6.62,F,2025-06-17T23:49:02.050372,sensor_freezer_unit_2_1,-6.7,9383,sqft,Manchester,England,0.8637952178840517
FOOD,facility_FOOD_1,unit_FOOD_1_1,Freezer Unit 1,-19.8,F,2025-06-17T23:50:03.050372,sensor_freezer_unit_1_4,-20.1,9606,sqft,Manchester,England,0.844645682042668
FOOD,facility_FOOD_1,unit_FOOD_1_3,Freezer Unit 3,0.93,F,2025-06-17T23:53:22.050372,sensor_freezer_unit_3_3,0.6,2065,sqft,Manchester,England,0.8373565233919184
FOOD,facility_FOOD_1,unit_FOOD_1_1,Freezer Unit 1,-19.85,F,2025-06-17T23:55:19.050372,sensor_freezer_unit_1_1,-20.1,9606,sqft,Manchester,England,0.8642132426023579
FOOD,facility_FOOD_1,unit_FOOD_1_4,Freezer Unit 4,-17.14,F,2025-06-17T23:58:07.050372,sensor_freezer_unit_4_3,-17.6,1244,sqft,Manchester,England,0.8572281801511447
FOOD,facility_FOOD_1,unit_FOOD_1_2,Freezer Unit 2,-6.52,F,2025-06-17T23:58:33.050372,sensor_unknown_761,-6.7,9383,sqft,Manchester,England,0.8569320222373811
FOOD,facility_FOOD_1,unit_FOOD_1_1,Freezer Unit 1,-19.6,F,2025-06-18T00:00:35.050372,sensor_freezer_unit_1_3,-20.1,9606,sqft,Manchester,England,0.8676303854883273
FOOD,facility_FOOD_1,unit_FOOD_1_1,Freezer Unit 1,-19.6,F,2025-06-18T00:05:51.050372,sensor_freezer_unit_1_3,-20.1,9606,sqft,Manchester,England,0.8396723763324202
FOOD,facility_FOOD_1,unit_FOOD_1_3,Freezer Unit 3,0.95,F,2025-06-18T00:07:13.050372,sensor_freezer_unit_3_1,0.6,2065,sqft,Manchester,England,0.8310997541497505
FOOD,facility_FOOD_1,unit_FOOD_1_4,Freezer Unit 4,-17.04,F,2025-06-18T00:07:25.050372,sensor_freezer_unit_4_1,-17.6,1244,sqft,Manchester,England,0.868792329497337
FOOD,facility_FOOD_1,unit_FOOD_1_2,Freezer Unit 2,-6.46,F,2025-06-18T00:08:04.050372,sensor_freezer_unit_2_3,-6.7,9383,sqft,Manchester,England,0.8643017050686227
FOOD,facility_FOOD_1,unit_FOOD_1_1,Freezer Unit 1,-19.67,F,2025-06-18T00:11:07.050372,sensor_freezer_unit_1_4,-20.1,9606,sqft,Manchester,England,0.8650477591889975
FOOD,facility_FOOD_1,unit_FOOD_1_1,Freezer Unit 1,-19.62,F,2025-06-18T00:16:23.050372,sensor_freezer_unit_1_2,-20.1,9606,sqft,Manchester,England,0.8603931913974951
FOOD,facility_FOOD_1,unit_FOOD_1_4,Freezer Unit 4,-16.9,F,2025-06-18T00:16:43.050372,sensor_freezer_unit_4_4,-17.6,1244,sqft,Manchester,England,0.8385403504034045
FOOD,facility_FOOD_1,unit_FOOD_1_2,Freezer Unit 2,-6.37,F,2025-06-18T00:17:35.050372,sensor_freezer_unit_2_3,-6.7,9383,sqft,Manchester,England,0.8389359713232364
FOOD,facility_FOOD_1,unit_FOOD_1_3,Freezer Unit 3,1.03,F,2025-06-18T00:21:04.050372,sensor_freezer_unit_3_3,0.6,2065,sqft,Manchester,England,0.854867070183018
FOOD,facility_FOOD_1,unit_FOOD_1_1,Freezer Unit 1,-19.42,F,2025-06-18T00:21:39.050372,sensor_freezer_unit_1_4,-20.1,9606,sqft,Manchester,England,0.8645580360966132
FOOD,facility_FOOD_1,unit_FOOD_1_4,Freezer Unit 4,-16.8,F,2025-06-18T00:26:01.050372,sensor_freezer_unit_4_2,-17.6,1244,sqft,Manchester,England,0.8325177568387715
FOOD,facility_FOOD_1,unit_FOOD_1_1,Freezer Unit 1,-19.35,F,2025-06-18T00:26:55.050372,sensor_freezer_unit_1_4,-20.1,9606,sqft,Manchester,England,0.8381283501514855
FOOD,facility_FOOD_1,unit_FOOD_1_2,Freezer Unit 2,-6.17,F,2025-06-18T00:27:06.050372,sensor_freezer_unit_2_3,-6.7,9383,sqft,Manchester,England,0.8408525177512881
FOOD,facility_FOOD_1,unit_FOOD_1_1,Freezer Unit 1,-19.11,F,2025-06-18T00:32:11.050372,sensor_freezer_unit_1_1,-20.1,9606,sqft,Manchester,England,0.8391092368972919
FOOD,facility_FOOD_1,unit_FOOD_1_3,Freezer Unit 3,0.96,F,2025-06-18T00:34:55.050372,sensor_freezer_unit_3_2,0.6,2065,sqft,Manchester,England,0.8552305429935189
FOOD,facility_FOOD_1,unit_FOOD_1_4,Freezer Unit 4,-16.77,F,2025-06-18T00:35:19.050372,sensor_freezer_unit_4_2,-17.6,1244,sqft,Manchester,England,0.8416314879745688
FOOD,facility_FOOD_1,unit_FOOD_1_2,Freezer Unit 2,-6.22,F,2025-06-18T00:36:37.050372,sensor_freezer_unit_2_4,-6.7,9383,sqft,Manchester,England,0.8571700260170538
FOOD,facility_FOOD_1,unit_FOOD_1_1,Freezer Unit 1,-19.05,F,2025-06-18T00:37:27.050372,sensor_freezer_unit_1_4,-20.1,9606,sqft,Manchester,England,0.8676336121683993
FOOD,facility_FOOD_1,unit_FOOD_1_1,Freezer Unit 1,-18.89,F,2025-06-18T00:42:43.050372,sensor_unknown_868,-20.1,9606,sqft,Manchester,England,0.8580975176448299
FOOD,facility_FOOD_1,unit_FOOD_1_4,Freezer Unit 4,-16.66,F,2025-06-18T00:44:37.050372,sensor_freezer_unit_4_1,-17.6,1244,sqft,Manchester,England,0.8334468277917845
FOOD,facility_FOOD_1,unit_FOOD_1_2,Freezer Unit 2,-6.12,F,2025-06-18T00:46:08.050372,sensor_freezer_unit_2_4,-6.7,9383,sqft,Manchester,England,0.8527226061198621
FOOD,facility_FOOD_1,unit_FOOD_1_1,Freezer Unit 1,-18.87,F,2025-06-18T00:47:59.050372,sensor_freezer_unit_1_4,-20.1,9606,sqft,Manchester,England,0.8559747675048092
FOOD,facility_FOOD_1,unit_FOOD_1_3,Freezer Unit 3,1.11,F,2025-06-18T00:48:46.050372,sensor_freezer_unit_3_4,0.6,2065,sqft,Manchester,England,0.8333905198756509
FOOD,facility_FOOD_1,unit_FOOD_1_1,Freezer Unit 1,-18.89,F,2025-06-18T00:53:15.050372,sensor_freezer_unit_1_1,-20.1,9606,sqft,Manchester,England,0.8330262315947028
FOOD,facility_FOOD_1,unit_FOOD_1_4,Freezer Unit 4,-16.59,F,2025-06-18T00:53:55.050372,sensor_freezer_unit_4_1,-17.6,1244,sqft,Manchester,England,0.8526410100652602
FOOD,facility_FOOD_1,unit_FOOD_1_2,Freezer Unit 2,-6.14,F,2025-06-18T00:55:39.050372,sensor_freezer_unit_2_3,-6.7,9383,sqft,Manchester,England,0.8332461735772447
FOOD,facility_FOOD_1,unit_FOOD_1_1,Freezer Unit 1,-18.84,F,2025-06-18T00:58:31.050372,sensor_freezer_unit_1_3,-20.1,9606,sqft,Manchester,England,0.842331412108807
FOOD,facility_FOOD_1,unit_FOOD_1_3,Freezer Unit 3,1.18,F,2025-06-18T01:02:37.050372,sensor_freezer_unit_3_1,0.6,2065,sqft,Manchester,England,0.8336373904031933
FOOD,facility_FOOD_1,unit_FOOD_1_4,Freezer Unit 4,-16.49,F,2025-06-18T01:03:13.050372,sensor_freezer_unit_4_4,-17.6,1244,sqft,Manchester,England,0.8525683696025416
FOOD,facility_FOOD_1,unit_FOOD_1_1,Freezer Unit 1,-18.73,F,2025-06-18T01:03:47.050372,sensor_freezer_unit_1_4,-20.1,9606,sqft,Manchester,England,0.8416591608407695
FOOD,facility_FOOD_1,unit_FOOD_1_2,Freezer Unit 2,-5.88,F,2025-06-18T01:05:10.050372,sensor_freezer_unit_2_1,-6.7,9383,sqft,Manchester,England,0.8469746943288519
FOOD,facility_FOOD_1,unit_FOOD_1_1,Freezer Unit 1,-18.84,F,2025-06-18T01:09:03.050372,sensor_freezer_unit_1_1,-20.1,9606,sqft,Manchester,England,0.8515097885799185
FOOD,facility_FOOD_1,unit_FOOD_1_4,Freezer Unit 4,-16.43,F,2025-06-18T01:12:31.050372,sensor_freezer_unit_4_1,-17.6,1244,sqft,Manchester,England,0.8650072309877709
FOOD,facility_FOOD_1,unit_FOOD_1_1,Freezer Unit 1,-18.72,F,2025-06-18T01:14:19.050372,sensor_freezer_unit_1_1,-20.1,9606,sqft,Manchester,England,0.8539045563432605
FOOD,facility_FOOD_1,unit_FOOD_1_2,Freezer Unit 2,-5.77,F,2025-06-18T01:14:41.050372,sensor_freezer_unit_2_3,-6.7,9383,sqft,Manchester,England,0.8551825278645824
FOOD,facility_FOOD_1,unit_FOOD_1_3,Freezer Unit 3,1.11,F,2025-06-18T01:16:28.050372,sensor_freezer_unit_3_4,0.6,2065,sqft,Manchester,England,0.8342769570287057
FOOD,facility_FOOD_1,unit_FOOD_1_1,Freezer Unit 1,-39.45,F,2025-06-18T01:19:35.050372,sensor_freezer_unit_1_2,-20.1,9606,sqft,Manchester,England,0.5832390893324494
FOOD,facility_FOOD_1,unit_FOOD_1_4,Freezer Unit 4,-16.33,F,2025-06-18T01:21:49.050372,sensor_freezer_unit_4_2,-17.6,1244,sqft,Manchester,England,0.8497802948719733
FOOD,facility_FOOD_1,unit_FOOD_1_2,Freezer Unit 2,-5.81,F,2025-06-18T01:24:12.050372,sensor_freezer_unit_2_2,-6.7,9383,sqft,Manchester,England,0.863432479583612
FOOD,facility_FOOD_1,unit_FOOD_1_1,Freezer Unit 1,-45.1,F,2025-06-18T01:24:51.050372,sensor_freezer_unit_1_3,-20.1,9606,sqft,Manchester,England,0.5964521078845325
FOOD,facility_FOOD_1,unit_FOOD_1_1,Freezer Unit 1,-45.1,F,2025-06-18T01:30:07.050372,sensor_freezer_unit_1_2,-20.1,9606,sqft,Manchester,England,0.5811851457860795
FOOD,facility_FOOD_1,unit_FOOD_1_3,Freezer Unit 3,1.14,F,2025-06-18T01:30:19.050372,sensor_freezer_unit_3_2,0.6,2065,sqft,Manchester,England,0.8303636771758982
FOOD,facility_FOOD_1,unit_FOOD_1_4,Freezer Unit 4,-16.29,F,2025-06-18T01:31:07.050372,sensor_freezer_unit_4_1,-17.6,1244,sqft,Manchester,England,0.8467481794623396
FOOD,facility_FOOD_1,unit_FOOD_1_2,Freezer Unit 2,-5.86,F,2025-06-18T01:33:43.050372,sensor_unknown_38,-6.7,9383,sqft,Manchester,England,0.8493363869803392
FOOD,facility_FOOD_1,unit_FOOD_1_1,Freezer Unit 1,-45.1,F,2025-06-18T01:35:23.050372,sensor_freezer_unit_1_3,-20.1,9606,sqft,Manchester,England,0.5983753125583818
FOOD,facility_FOOD_1,unit_FOOD_1_4,Freezer Unit 4,-16.23,F,2025-06-18T01:40:25.050372,sensor_freezer_unit_4_4,-17.6,1244,sqft,Manchester,England,0.8566903355230095
FOOD,facility_FOOD_1,unit_FOOD_1_1,Freezer Unit 1,-45.1,F,2025-06-18T01:40:39.050372,sensor_freezer_unit_1_1,-20.1,9606,sqft,Manchester,England,0.6097158760724329
FOOD,facility_FOOD_1,unit_FOOD_1_2,Freezer Unit 2,-5.89,F,2025-06-18T01:43:14.050372,sensor_freezer_unit_2_2,-6.7,9383,sqft,Manchester,England,0.8588449003917797
FOOD,facility_FOOD_1,unit_FOOD_1_3,Freezer Unit 3,1.19,F,2025-06-18T01:44:10.050372,sensor_freezer_unit_3_1,0.6,2065,sqft,Manchester,England,0.8678813348263974
FOOD,facility_FOOD_1,unit_FOOD_1_1,Freezer Unit 1,-45.1,F,2025-06-18T01:45:55.050372,sensor_unknown_204,-20.1,9606,sqft,Manchester,England,0.577697388525092
FOOD,facility_FOOD_1,unit_FOOD_1_4,Freezer Unit 4,-16.16,F,2025-06-18T01:49:43.050372,sensor_freezer_unit_4_3,-17.6,1244,sqft,Manchester,England,0.8527684239446236
FOOD,facility_FOOD_1,unit_FOOD_1_1,Freezer Unit 1,-45.1,F,2025-06-18T01:51:11.050372,sensor_freezer_unit_1_1,-20.1,9606,sqft,Manchester,England,0.5959663800184566
FOOD,facility_FOOD_1,unit_FOOD_1_2,Freezer Unit 2,-5.87,F,2025-06-18T01:52:45.050372,sensor_freezer_unit_2_2,-6.7,9383,sqft,Manchester,England,0.8396600143651036
FOOD,facility_FOOD_1,unit_FOOD_1_1,Freezer Unit 1,-45.1,F,2025-06-18T01:56:27.050372,sensor_freezer_unit_1_2,-20.1,9606,sqft,Manchester,England,0.580476573283705
FOOD,facility_FOOD_1,unit_FOOD_1_3,Freezer Unit 3,1.12,F,2025-06-18T01:58:01.050372,sensor_freezer_unit_3_2,0.6,2065,sqft,Manchester,England,0.835775284446438
FOOD,facility_FOOD_1,unit_FOOD_1_4,Freezer Unit 4,-16.03,F,2025-06-18T01:59:01.050372,sensor_freezer_unit_4_3,-17.6,1244,sqft,Manchester,England,0.8319392035920133
FOOD,facility_FOOD_1,unit_FOOD_1_1,Freezer Unit 1,-43.07,F,2025-06-18T02:01:43.050372,sensor_freezer_unit_1_1,-20.1,9606,sqft,Manchester,England,0.6012333439881773
FOOD,facility_FOOD_1,unit_FOOD_1_2,Freezer Unit 2,-6.09,F,2025-06-18T02:02:16.050372,sensor_freezer_unit_2_3,-6.7,9383,sqft,Manchester,England,0.8331132030504287
FOOD,facility_FOOD_1,unit_FOOD_1_1,Freezer Unit 1,-41.13,F,2025-06-18T02:06:59.050372,sensor_freezer_unit_1_1,-20.1,9606,sqft,Manchester,England,0.5765652314625708
FOOD,facility_FOOD_1,unit_FOOD_1_4,Freezer Unit 4,-15.94,F,2025-06-18T02:08:19.050372,sensor_freezer_unit_4_3,-17.6,1244,sqft,Manchester,England,0.8606144534979838
FOOD,facility_FOOD_1,unit_FOOD_1_2,Freezer Unit 2,-6.15,F,2025-06-18T02:11:47.050372,sensor_freezer_unit_2_3,-6.7,9383,sqft,Manchester,England,0.8367438135870657
FOOD,facility_FOOD_1,unit_FOOD_1_3,Freezer Unit 3,1.32,F,2025-06-18T02:11:52.050372,sensor_freezer_unit_3_4,0.6,2065,sqft,Manchester,England,0.8352915647621186
FOOD,facility_FOOD_1,unit_FOOD_1_1,Freezer Unit 1,-39.29,F,2025-06-18T02:12:15.050372,sensor_freezer_unit_1_4,-20.1,9606,sqft,Manchester,England,0.6063622602460783
FOOD,facility_FOOD_1,unit_FOOD_1_1,Freezer Unit 1,-37.81,F,2025-06-18T02:17:31.050372,sensor_freezer_unit_1_4,-20.1,9606,sqft,Manchester,England,0.5837798433524025
FOOD,facility_FOOD_1,unit_FOOD_1_4,Freezer Unit 4,-16.04,F,2025-06-18T02:17:37.050372,sensor_freezer_unit_4_4,-17.6,1244,sqft,Manchester,England,0.8636592419815029
FOOD,facility_FOOD_1,unit_FOOD_1_2,Freezer Unit 2,-5.97,F,2025-06-18T02:21:18.050372,sensor_freezer_unit_2_3,-6.7,9383,sqft,Manchester,England,0.8536740829148701
FOOD,facility_FOOD_1,unit_FOOD_1_1,Freezer Unit 1,-36.26,F,2025-06-18T02:22:47.050372,sensor_freezer_unit_1_4,-20.1,9606,sqft,Manchester,England,0.6088467839159303
FOOD,facility_FOOD_1,unit_FOOD_1_3,Freezer Unit 3,1.29,F,2025-06-18T02:25:43.050372,sensor_freezer_unit_3_3,0.6,2065,sqft,Manchester,England,0.8309795544348351
FOOD,facility_FOOD_1,unit_FOOD_1_4,Freezer Unit 4,-15.92,F,2025-06-18T02:26:55.050372,sensor_freezer_unit_4_1,-17.6,1244,sqft,Manchester,England,0.8312879587175078
FOOD,facility_FOOD_1,unit_FOOD_1_1,Freezer Unit 1,-34.85,F,2025-06-18T02:28:03.050372,sensor_freezer_unit_1_4,-20.1,9606,sqft,Manchester,England,0.5830717251570584
FOOD,facility_FOOD_1,unit_FOOD_1_2,Freezer Unit 2,-5.78,F,2025-06-18T02:30:49.050372,sensor_freezer_unit_2_3,-6.7,9383,sqft,Manchester,England,0.8390218549961946
FOOD,facility_FOOD_1,unit_FOOD_1_1,Freezer Unit 1,-33.61,F,2025-06-18T02:33:19.050372,sensor_freezer_unit_1_3,-20.1,9606,sqft,Manchester,England,0.5759725824327259
FOOD,facility_FOOD_1,unit_FOOD_1_4,Freezer Unit 4,-15.86,F,2025-06-18T02:36:13.050372,sensor_freezer_unit_4_4,-17.6,1244,sqft,Manchester,England,0.8303811269233203
FOOD,facility_FOOD_1,unit_FOOD_1_1,Freezer Unit 1,-32.44,F,2025-06-18T02:38:35.050372,sensor_freezer_unit_1_3,-20.1,9606,sqft,Manchester,England,0.5924123472199123
FOOD,facility_FOOD_1,unit_FOOD_1_3,Freezer Unit 3,1.37,F,2025-06-18T02:39:34.050372,sensor_freezer_unit_3_3,0.6,2065,sqft,Manchester,England,0.8484820846070585
FOOD,facility_FOOD_1,unit_FOOD_1_2,Freezer Unit 2,-5.69,F,2025-06-18T02:40:20.050372,sensor_freezer_unit_2_3,-6.7,9383,sqft,Manchester,England,0.8645162489808099
FOOD,facility_FOOD_1,unit_FOOD_1_1,Freezer Unit 1,-31.34,F,2025-06-18T02:43:51.050372,sensor_freezer_unit_1_2,-20.1,9606,sqft,Manchester,England,0.597922722943798
FOOD,facility_FOOD_1,unit_FOOD_1_4,Freezer Unit 4,-15.79,F,2025-06-18T02:45:31.050372,sensor_freezer_unit_4_4,-17.6,1244,sqft,Manchester,England,0.8617679145372862
FOOD,facility_FOOD_1,unit_FOOD_1_1,Freezer Unit 1,-30.35,F,2025-06-18T02:49:07.050372,sensor_freezer_unit_1_4,-20.1,9606,sqft,Manchester,England,0.5937147884025199
FOOD,facility_FOOD_1,unit_FOOD_1_2,Freezer Unit 2,-5.82,F,2025-06-18T02:49:51.050372,sensor_freezer_unit_2_1,-6.7,9383,sqft,Manchester,England,0.8464771303254623
FOOD,facility_FOOD_1,unit_FOOD_1_3,Freezer Unit 3,1.35,F,2025-06-18T02:53:25.050372,sensor_freezer_unit_3_4,0.6,2065,sqft,Manchester,England,0.8302976754842399
FOOD,facility_FOOD_1,unit_FOOD_1_1,Freezer Unit 1,-29.32,F,2025-06-18T02:54:23.050372,sensor_freezer_unit_1_1,-20.1,9606,sqft,Manchester,England,0.7274720221082445
FOOD,facility_FOOD_1,unit_FOOD_1_4,Freezer Unit 4,-15.84,F,2025-06-18T02:54:49.050372,sensor_freezer_unit_4_3,-17.6,1244,sqft,Manchester,England,0.8526204936577985
FOOD,facility_FOOD_1,unit_FOOD_1_2,Freezer Unit 2,-5.82,F,2025-06-18T02:59:22.050372,sensor_freezer_unit_2_3,-6.7,9383,sqft,Manchester,England,0.8611148132679901
FOOD,facility_FOOD_1,unit_FOOD_1_1,Freezer Unit 1,-28.48,F,2025-06-18T02:59:39.050372,sensor_freezer_unit_1_2,-20.1,9606,sqft,Manchester,England,0.7100959586145057
FOOD,facility_FOOD_1,unit_FOOD_1_4,Freezer Unit 4,-15.92,F,2025-06-18T03:04:07.050372,sensor_freezer_unit_4_4,-17.6,1244,sqft,Manchester,England,0.8611808242337544
FOOD,facility_FOOD_1,unit_FOOD_1_1,Freezer Unit 1,-27.72,F,2025-06-18T03:04:55.050372,sensor_freezer_unit_1_3,-20.1,9606,sqft,Manchester,England,0.7377499696353494
FOOD,facility_FOOD_1,unit_FOOD_1_3,Freezer Unit 3,1.28,F,2025-06-18T03:07:16.050372,sensor_freezer_unit_3_1,0.6,2065,sqft,Manchester,England,0.8659812819269378
FOOD,facility_FOOD_1,unit_FOOD_1_2,Freezer Unit 2,-5.79,F,2025-06-18T03:08:53.050372,sensor_unknown_263,-6.7,9383,sqft,Manchester,England,0.8667451810171207
FOOD,facility_FOOD_1,unit_FOOD_1_1,Freezer Unit 1,-26.89,F,2025-06-18T03:10:11.050372,sensor_freezer_unit_1_1,-20.1,9606,sqft,Manchester,England,0.7294721730237596
FOOD,facility_FOOD_1,unit_FOOD_1_4,Freezer Unit 4,-16.2,F,2025-06-18T03:13:25.050372,sensor_freezer_unit_4_4,-17.6,1244,sqft,Manchester,England,0.8365975254966969
FOOD,facility_FOOD_1,unit_FOOD_1_1,Freezer Unit 1,-26.23,F,2025-06-18T03:15:27.050372,sensor_freezer_unit_1_4,-20.1,9606,sqft,Manchester,England,0.7034987121969749
FOOD,facility_FOOD_1,unit_FOOD_1_2,Freezer Unit 2,-5.71,F,2025-06-18T03:18:24.050372,sensor_freezer_unit_2_2,-6.7,9383,sqft,Manchester,England,0.8334621909520255
FOOD,facility_FOOD_1,unit_FOOD_1_1,Freezer Unit 1,-25.57,F,2025-06-18T03:20:43.050372,sensor_freezer_unit_1_1,-20.1,9606,sqft,Manchester,England,0.7185857751420178
FOOD,facility_FOOD_1,unit_FOOD_1_3,Freezer Unit 3,1.26,F,2025-06-18T03:21:07.050372,sensor_freezer_unit_3_2,0.6,2065,sqft,Manchester,England,0.866012813370784
FOOD,facility_FOOD_1,unit_FOOD_1_4,Freezer Unit 4,-16.12,F,2025-06-18T03:22:43.050372,sensor_freezer_unit_4_3,-17.6,1244,sqft,Manchester,England,0.8455715593052242
FOOD,facility_FOOD_1,unit_FOOD_1_1,Freezer Unit 1,-24.92,F,2025-06-18T03:25:59.050372,sensor_freezer_unit_1_4,-20.1,9606,sqft,Manchester,England,0.7884374210763504
FOOD,facility_FOOD_1,unit_FOOD_1_2,Freezer Unit 2,-5.62,F,2025-06-18T03:27:55.050372,sensor_freezer_unit_2_2,-6.7,9383,sqft,Manchester,England,0.8462203630890477
FOOD,facility_FOOD_1,unit_FOOD_1_1,Freezer Unit 1,-24.31,F,2025-06-18T03:31:15.050372,sensor_freezer_unit_1_4,-20.1,9606,sqft,Manchester,England,0.8192673339848732
FOOD,facility_FOOD_1,unit_FOOD_1_4,Freezer Unit 4,-16.1,F,2025-06-18T03:32:01.050372,sensor_freezer_unit_4_1,-17.6,1244,sqft,Manchester,England,0.8397582029717398
FOOD,facility_FOOD_1,unit_FOOD_1_3,Freezer Unit 3,1.32,F,2025-06-18T03:34:58.050372,sensor_freezer_unit_3_3,0.6,2065,sqft,Manchester,England,0.855695375838165
FOOD,facility_FOOD_1,unit_FOOD_1_1,Freezer Unit 1,-23.8,F,2025-06-18T03:36:31.050372,sensor_freezer_unit_1_1,-20.1,9606,sqft,Manchester,England,0.792500614383307
FOOD,facility_FOOD_1,unit_FOOD_1_2,Freezer Unit 2,-5.72,F,2025-06-18T03:37:26.050372,sensor_freezer_unit_2_3,-6.7,9383,sqft,Manchester,England,0.8327364456919168
FOOD,facility_FOOD_1,unit_FOOD_1_4,Freezer Unit 4,-16.07,F,2025-06-18T03:41:19.050372,sensor_freezer_unit_4_2,-17.6,1244,sqft,Manchester,England,0.8527070642962875
FOOD,facility_FOOD_1,unit_FOOD_1_1,Freezer Unit 1,-23.49,F,2025-06-18T03:41:47.050372,sensor_freezer_unit_1_2,-20.1,9606,sqft,Manchester,England,0.7920628141131555
FOOD,facility_FOOD_1,unit_FOOD_1_2,Freezer Unit 2,-5.62,F,2025-06-18T03:46:57.050372,sensor_freezer_unit_2_1,-6.7,9383,sqft,Manchester,England,0.8649130080061411
FOOD,facility_FOOD_1,unit_FOOD_1_1,Freezer Unit 1,-23.05,F,2025-06-18T03:47:03.050372,sensor_freezer_unit_1_1,-20.1,9606,sqft,Manchester,England,0.7896160605026623
FOOD,facility_FOOD_1,unit_FOOD_1_3,Freezer Unit 3,1.31,F,2025-06-18T03:48:49.050372,sensor_freezer_unit_3_3,0.6,2065,sqft,Manchester,England,0.8418390205665026
FOOD,facility_FOOD_1,unit_FOOD_1_4,Freezer Unit 4,-16.04,F,2025-06-18T03:50:37.050372,sensor_freezer_unit_4_4,-17.6,1244,sqft,Manchester,England,0.8590624582674934
FOOD,facility_FOOD_1,unit_FOOD_1_1,Freezer Unit 1,-22.79,F,2025-06-18T03:52:19.050372,sensor_freezer_unit_1_2,-20.1,9606,sqft,Manchester,England,0.7887969755894356
FOOD,facility_FOOD_1,unit_FOOD_1_2,Freezer Unit 2,-5.55,F,2025-06-18T03:56:28.050372,sensor_freezer_unit_2_1,-6.7,9383,sqft,Manchester,England,0.8520898544822443
FOOD,facility_FOOD_1,unit_FOOD_1_1,Freezer Unit 1,-22.41,F,2025-06-18T03:57:35.050372,sensor_freezer_unit_1_4,-20.1,9606,sqft,Manchester,England,0.8248400625866315
FOOD,facility_FOOD_1,unit_FOOD_1_4,Freezer Unit 4,-15.85,F,2025-06-18T03:59:55.050372,sensor_freezer_unit_4_2,-17.6,1244,sqft,Manchester,England,0.8427683109940686
FOOD,facility_FOOD_1,unit_FOOD_1_3,Freezer Unit 3,1.32,F,2025-06-18T04:02:40.050372,sensor_freezer_unit_3_4,0.6,2065,sqft,Manchester,England,0.8653275493339817
FOOD,facility_FOOD_1,unit_FOOD_1_1,Freezer Unit 1,-22.17,F,2025-06-18T04:02:51.050372,sensor_freezer_unit_1_1,-20.1,9606,sqft,Manchester,England,0.7957336815038611
FOOD,facility_FOOD_1,unit_FOOD_1_2,Freezer Unit 2,-5.58,F,2025-06-18T04:05:59.050372,sensor_freezer_unit_2_4,-6.7,9383,sqft,Manchester,England,0.8535381720378764
FOOD,facility_FOOD_1,unit_FOOD_1_1,Freezer Unit 1,-21.74,F,2025-06-18T04:08:07.050372,sensor_freezer_unit_1_4,-20.1,9606,sqft,Manchester,England,0.8430407815218552
FOOD,facility_FOOD_1,unit_FOOD_1_4,Freezer Unit 4,-15.87,F,2025-06-18T04:09:13.050372,sensor_freezer_unit_4_4,-17.6,1244,sqft,Manchester,England,0.8391324374110775
FOOD,facility_FOOD_1,unit_FOOD_1_1,Freezer Unit 1,-21.28,F,2025-06-18T04:13:23.050372,sensor_freezer_unit_1_3,-20.1,9606,sqft,Manchester,England,0.8499075016394244
FOOD,facility_FOOD_1,unit_FOOD_1_2,Freezer Unit 2,-5.55,F,2025-06-18T04:15:30.050372,sensor_freezer_unit_2_1,-6.7,9383,sqft,Manchester,England,0.8455624627403453
FOOD,facility_FOOD_1,unit_FOOD_1_3,Freezer Unit 3,1.38,F,2025-06-18T04:16:31.050372,sensor_freezer_unit_3_4,0.6,2065,sqft,Manchester,England,0.8699536796456957
FOOD,facility_FOOD_1,unit_FOOD_1_4,Freezer Unit 4,-15.86,F,2025-06-18T04:18:31.050372,sensor_freezer_unit_4_3,-17.6,1244,sqft,Manchester,England,0.8620138260146871
FOOD,facility_FOOD_1,unit_FOOD_1_1,Freezer Unit 1,-21.0,F,2025-06-18T04:18:39.050372,sensor_freezer_unit_1_4,-20.1,9606,sqft,Manchester,England,0.847213485444078
FOOD,facility_FOOD_1,unit_FOOD_1_1,Freezer Unit 1,-20.8,F,2025-06-18T04:23:55.050372,sensor_freezer_unit_1_1,-20.1,9606,sqft,Manchester,England,0.841586115596765
FOOD,facility_FOOD_1,unit_FOOD_1_2,Freezer Unit 2,-5.69,F,2025-06-18T04:25:01.050372,sensor_unknown_765,-6.7,9383,sqft,Manchester,England,0.8407715761802345
FOOD,facility_FOOD_1,unit_FOOD_1_4,Freezer Unit 4,-15.81,F,2025-06-18T04:27:49.050372,sensor_unknown_907,-17.6,1244,sqft,Manchester,England,0.8372768887325216
FOOD,facility_FOOD_1,unit_FOOD_1_1,Freezer Unit 1,-20.63,F,2025-06-18T04:29:11.050372,sensor_freezer_unit_1_4,-20.1,9606,sqft,Manchester,England,0.8434326158834917
FOOD,facility_FOOD_1,unit_FOOD_1_3,Freezer Unit 3,1.37,F,2025-06-18T04:30:22.050372,sensor_freezer_unit_3_3,0.6,2065,sqft,Manchester,England,0.8419346848985798
FOOD,facility_FOOD_1,unit_FOOD_1_1,Freezer Unit 1,-20.42,F,2025-06-18T04:34:27.050372,sensor_freezer_unit_1_1,-20.1,9606,sqft,Manchester,England,0.8581862882024851
FOOD,facility_FOOD_1,unit_FOOD_1_2,Freezer Unit 2,-5.7,F,2025-06-18T04:34:32.050372,sensor_freezer_unit_2_1,-6.7,9383,sqft,Manchester,England,0.8532174695893193
FOOD,facility_FOOD_1,unit_FOOD_1_4,Freezer Unit 4,-15.84,F,2025-06-18T04:37:07.050372,sensor_freezer_unit_4_4,-17.6,1244,sqft,Manchester,England,0.8477308730163698
FOOD,facility_FOOD_1,unit_FOOD_1_1,Freezer Unit 1,-20.24,F,2025-06-18T04:39:43.050372,sensor_freezer_unit_1_2,-20.1,9606,sqft,Manchester,England,0.8408015212136344
FOOD,facility_FOOD_1,unit_FOOD_1_2,Freezer Unit 2,-5.7,F,2025-06-18T04:44:03.050372,sensor_freezer_unit_2_3,-6.7,9383,sqft,Manchester,England,0.8442971913007381
FOOD,facility_FOOD_1,unit_FOOD_1_3,Freezer Unit 3,1.45,F,2025-06-18T04:44:13.050372,sensor_freezer_unit_3_1,0.6,2065,sqft,Manchester,England,0.8516265264022496
FOOD,facility_FOOD_1,unit_FOOD_1_1,Freezer Unit 1,-20.0,F,2025-06-18T04:44:59.050372,sensor_freezer_unit_1_2,-20.1,9606,sqft,Manchester,England,0.8405372314148841
FOOD,facility_FOOD_1,unit_FOOD_1_4,Freezer Unit 4,-15.87,F,2025-06-18T04:46:25.050372,sensor_freezer_unit_4_4,-17.6,1244,sqft,Manchester,England,0.8548115615374952
FOOD,facility_FOOD_1,unit_FOOD_1_1,Freezer Unit 1,-19.85,F,2025-06-18T04:50:15.050372,sensor_freezer_unit_1_3,-20.1,9606,sqft,Manchester,England,0.8335260557028867
FOOD,facility_FOOD_1,unit_FOOD_1_2,Freezer Unit 2,-5.48,F,2025-06-18T04:53:34.050372,sensor_freezer_unit_2_4,-6.7,9383,sqft,Manchester,England,0.8341465424622231
FOOD,facility_FOOD_1,unit_FOOD_1_1,Freezer Unit 1,-19.53,F,2025-06-18T04:55:31.050372,sensor_freezer_unit_1_4,-20.1,9606,sqft,Manchester,England,0.833626042768764
FOOD,facility_FOOD_1,unit_FOOD_1_4,Freezer Unit 4,-15.81,F,2025-06-18T04:55:43.050372,sensor_freezer_unit_4_4,-17.6,1244,sqft,Manchester,England,0.8543338129686283
FOOD,facility_FOOD_1,unit_FOOD_1_3,Freezer Unit 3,1.51,F,2025-06-18T04:58:04.050372,sensor_freezer_unit_3_3,0.6,2065,sqft,Manchester,England,0.8461320260641627
FOOD,facility_FOOD_1,unit_FOOD_1_1,Freezer Unit 1,-19.48,F,2025-06-18T05:00:47.050372,sensor_freezer_unit_1_4,-20.1,9606,sqft,Manchester,England,0.8469546598938326
FOOD,facility_FOOD_1,unit_FOOD_1_2,Freezer Unit 2,-5.42,F,2025-06-18T05:03:05.050372,sensor_freezer_unit_2_2,-6.7,9383,sqft,Manchester,England,0.8580926730607755
FOOD,facility_FOOD_1,unit_FOOD_1_4,Freezer Unit 4,-15.82,F,2025-06-18T05:05:01.050372,sensor_freezer_unit_4_1,-17.6,1244,sqft,Manchester,England,0.8697189591043706
FOOD,facility_FOOD_1,unit_FOOD_1_1,Freezer Unit 1,-19.27,F,2025-06-18T05:06:03.050372,sensor_unknown_934,-20.1,9606,sqft,Manchester,England,0.8566079762619668
FOOD,facility_FOOD_1,unit_FOOD_1_1,Freezer Unit 1,-19.3,F,2025-06-18T05:11:19.050372,sensor_freezer_unit_1_3,-20.1,9606,sqft,Manchester,England,0.8304183196039013
FOOD,facility_FOOD_1,unit_FOOD_1_3,Freezer Unit 3,1.47,F,2025-06-18T05:11:55.050372,sensor_freezer_unit_3_1,0.6,2065,sqft,Manchester,England,0.8550962437656907
FOOD,facility_FOOD_1,unit_FOOD_1_2,Freezer Unit 2,-5.58,F,2025-06-18T05:12:36.050372,sensor_freezer_unit_2_4,-6.7,9383,sqft,Manchester,England,0.8605911028795369
FOOD,facility_FOOD_1,unit_FOOD_1_4,Freezer Unit 4,-15.85,F,2025-06-18T05:14:19.050372,sensor_freezer_unit_4_2,-17.6,1244,sqft,Manchester,England,0.834691166915917
FOOD,facility_FOOD_1,unit_FOOD_1_1,Freezer Unit 1,-19.15,F,2025-06-18T05:16:35.050372,sensor_freezer_unit_1_4,-20.1,9606,sqft,Manchester,England,0.8501880395167093
FOOD,facility_FOOD_1,unit_FOOD_1_1,Freezer Unit 1,-19.06,F,2025-06-18T05:21:51.050372,sensor_freezer_unit_1_3,-20.1,9606,sqft,Manchester,England,0.8467576138151665
FOOD,facility_FOOD_1,unit_FOOD_1_2,Freezer Unit 2,-5.54,F,2025-06-18T05:22:07.050372,sensor_freezer_unit_2_4,-6.7,9383,sqft,Manchester,England,0.8540839850788446
FOOD,facility_FOOD_1,unit_FOOD_1_4,Freezer Unit 4,-15.9,F,2025-06-18T05:23:37.050372,sensor_freezer_unit_4_3,-17.6,1244,sqft,Manchester,England,0.8675877857564223
FOOD,facility_FOOD_1,unit_FOOD_1_3,Freezer Unit 3,1.6,F,2025-06-18T05:25:46.050372,sensor_freezer_unit_3_1,0.6,2065,sqft,Manchester,England,0.848627285300387
FOOD,facility_FOOD_1,unit_FOOD_1_1,Freezer Unit 1,-18.9,F,2025-06-18T05:27:07.050372,sensor_freezer_unit_1_4,-20.1,9606,sqft,Manchester,England,0.8607640070845264
FOOD,facility_FOOD_1,unit_FOOD_1_2,Freezer Unit 2,-5.65,F,2025-06-18T05:31:38.050372,sensor_freezer_unit_2_3,-6.7,9383,sqft,Manchester,England,0.8335061923781603
FOOD,facility_FOOD_1,unit_FOOD_1_1,Freezer Unit 1,-18.91,F,2025-06-18T05:32:23.050372,sensor_freezer_unit_1_2,-20.1,9606,sqft,Manchester,England,0.8391265822846184
FOOD,facility_FOOD_1,unit_FOOD_1_4,Freezer Unit 4,-15.89,F,2025-06-18T05:32:55.050372,sensor_freezer_unit_4_4,-17.6,1244,sqft,Manchester,England,0.8478297169169612
FOOD,facility_FOOD_1,unit_FOOD_1_1,Freezer Unit 1,-18.86,F,2025-06-18T05:37:39.050372,sensor_freezer_unit_1_3,-20.1,9606,sqft,Manchester,England,0.8648205791649162
FOOD,facility_FOOD_1,unit_FOOD_1_3,Freezer Unit 3,1.53,F,2025-06-18T05:39:37.050372,sensor_freezer_unit_3_1,0.6,2065,sqft,Manchester,England,0.8511555593421787
FOOD,facility_FOOD_1,unit_FOOD_1_2,Freezer Unit 2,-5.63,F,2025-06-18T05:41:09.050372,sensor_freezer_unit_2_4,-6.7,9383,sqft,Manchester,England,0.8490414081873948
FOOD,facility_FOOD_1,unit_FOOD_1_4,Freezer Unit 4,-15.66,F,2025-06-18T05:42:13.050372,sensor_freezer_unit_4_1,-17.6,1244,sqft,Manchester,England,0.8644732523908794
FOOD,facility_FOOD_1,unit_FOOD_1_1,Freezer Unit 1,-18.9,F,2025-06-18T05:42:55.050372,sensor_unknown_570,-20.1,9606,sqft,Manchester,England,0.8684618656044405
FOOD,facility_FOOD_1,unit_FOOD_1_1,Freezer Unit 1,-18.87,F,2025-06-18T05:48:11.050372,sensor_freezer_unit_1_2,-20.1,9606,sqft,Manchester,England,0.8478670237459864
FOOD,facility_FOOD_1,unit_FOOD_1_2,Freezer Unit 2,-5.59,F,2025-06-18T05:50:40.050372,sensor_freezer_unit_2_1,-6.7,9383,sqft,Manchester,England,0.8368281195109442
FOOD,facility_FOOD_1,unit_FOOD_1_4,Freezer Unit 4,-15.84,F,2025-06-18T05:51:31.050372,sensor_freezer_unit_4_4,-17.6,1244,sqft,Manchester,England,0.8572753611988845
FOOD,facility_FOOD_1,unit_FOOD_1_1,Freezer Unit 1,-18.81,F,2025-06-18T05:53:27.050372,sensor_freezer_unit_1_3,-20.1,9606,sqft,Manchester,England,0.8357096488192857
FOOD,facility_FOOD_1,unit_FOOD_1_3,Freezer Unit 3,1.51,F,2025-06-18T05:53:28.050372,sensor_freezer_unit_3_2,0.6,2065,sqft,Manchester,England,0.8372365327950901
FOOD,facility_FOOD_1,unit_FOOD_1_1,Freezer Unit 1,-18.78,F,2025-06-18T05:58:43.050372,sensor_freezer_unit_1_1,-20.1,9606,sqft,Manchester,England,0.8483810501799992
FOOD,facility_FOOD_1,unit_FOOD_1_2,Freezer Unit 2,-5.54,F,2025-06-18T06:00:11.050372,sensor_freezer_unit_2_4,-6.7,9383,sqft,Manchester,England,0.8563564985522808
FOOD,facility_FOOD_1,unit_FOOD_1_4,Freezer Unit 4,-15.82,F,2025-06-18T06:00:49.050372,sensor_freezer_unit_4_3,-17.6,1244,sqft,Manchester,England,0.8321262961096473
FOOD,facility_FOOD_1,unit_FOOD_1_1,Freezer Unit 1,-18.8,F,2025-06-18T06:03:59.050372,sensor_freezer_unit_1_4,-20.1,9606,sqft,Manchester,England,0.8366432786082739
FOOD,facility_FOOD_1,unit_FOOD_1_3,Freezer Unit 3,1.56,F,2025-06-18T06:07:19.050372,sensor_freezer_unit_3_3,0.6,2065,sqft,Manchester,England,0.8503888051079121
FOOD,facility_FOOD_1,unit_FOOD_1_1,Freezer Unit 1,-18.73,F,2025-06-18T06:09:15.050372,sensor_freezer_unit_1_1,-20.1,9606,sqft,Manchester,England,0.8586746539258846
FOOD,facility_FOOD_1,unit_FOOD_1_2,Freezer Unit 2,-5.62,F,2025-06-18T06:09:42.050372,sensor_freezer_unit_2_3,-6.7,9383,sqft,Manchester,England,0.8349122043060239
FOOD,facility_FOOD_1,unit_FOOD_1_4,Freezer Unit 4,-15.82,F,2025-06-18T06:10:07.050372,sensor_freezer_unit_4_2,-17.6,1244,sqft,Manchester,England,0.860323970222239
FOOD,facility_FOOD_1,unit_FOOD_1_1,Freezer Unit 1,-18.51,F,2025-06-18T06:14:31.050372,sensor_freezer_unit_1_1,-20.1,9606,sqft,Manchester,England,0.844883182616491
FOOD,facility_FOOD_1,unit_FOOD_1_2,Freezer Unit 2,-5.67,F,2025-06-18T06:19:13.050372,sensor_freezer_unit_2_4,-6.7,9383,sqft,Manchester,England,0.8610609429657814
FOOD,facility_FOOD_1,unit_FOOD_1_4,Freezer Unit 4,-15.91,F,2025-06-18T06:19:25.050372,sensor_freezer_unit_4_4,-17.6,1244,sqft,Manchester,England,0.8301248980550983
FOOD,facility_FOOD_1,unit_FOOD_1_1,Freezer Unit 1,-18.45,F,2025-06-18T06:19:47.050372,sensor_freezer_unit_1_1,-20.1,9606,sqft,Manchester,England,0.8369746743289317
FOOD,facility_FOOD_1,unit_FOOD_1_3,Freezer Unit 3,1.54,F,2025-06-18T06:21:10.050372,sensor_freezer_unit_3_1,0.6,2065,sqft,Manchester,England,0.8346590934081678
FOOD,facility_FOOD_1,unit_FOOD_1_1,Freezer Unit 1,-18.28,F,2025-06-18T06:25:03.050372,sensor_freezer_unit_1_2,-20.1,9606,sqft,Manchester,England,0.8632186846977031
FOOD,facility_FOOD_1,unit_FOOD_1_4,Freezer Unit 4,-15.95,F,2025-06-18T06:28:43.050372,sensor_freezer_unit_4_4,-17.6,1244,sqft,Manchester,England,0.8520752863305006
FOOD,facility_FOOD_1,unit_FOOD_1_2,Freezer Unit 2,-5.61,F,2025-06-18T06:28:44.050372,sensor_freezer_unit_2_3,-6.7,9383,sqft,Manchester,England,0.8579782142332371
FOOD,facility_FOOD_1,unit_FOOD_1_1,Freezer Unit 1,-18.36,F,2025-06-18T06:30:19.050372,sensor_freezer_unit_1_1,-20.1,9606,sqft,Manchester,England,0.8359644845131928
FOOD,facility_FOOD_1,unit_FOOD_1_3,Freezer Unit 3,1.66,F,2025-06-18T06:35:01.050372,sensor_freezer_unit_3_1,0.6,2065,sqft,Manchester,England,0.8371082847403468
FOOD,facility_FOOD_1,unit_FOOD_1_1,Freezer Unit 1,-18.29,F,2025-06-18T06:35:35.050372,sensor_freezer_unit_1_4,-20.1,9606,sqft,Manchester,England,0.8348226607061912
FOOD,facility_FOOD_1,unit_FOOD_1_4,Freezer Unit 4,-15.92,F,2025-06-18T06:38:01.050372,sensor_freezer_unit_4_1,-17.6,1244,sqft,Manchester,England,0.8452995970174549
FOOD,facility_FOOD_1,unit_FOOD_1_2,Freezer Unit 2,-5.78,F,2025-06-18T06:38:15.050372,sensor_freezer_unit_2_2,-6.7,9383,sqft,Manchester,England,0.8301181361843297
FOOD,facility_FOOD_1,unit_FOOD_1_1,Freezer Unit 1,-18.22,F,2025-06-18T06:40:51.050372,sensor_freezer_unit_1_3,-20.1,9606,sqft,Manchester,England,0.8607645727204691
FOOD,facility_FOOD_1,unit_FOOD_1_1,Freezer Unit 1,-18.2,F,2025-06-18T06:46:07.050372,sensor_freezer_unit_1_4,-20.1,9606,sqft,Manchester,England,0.8386114890466846
FOOD,facility_FOOD_1,unit_FOOD_1_4,Freezer Unit 4,-16.05,F,2025-06-18T06:47:19.050372,sensor_freezer_unit_4_4,-17.6,1244,sqft,Manchester,England,0.8552616574319571
FOOD,facility_FOOD_1,unit_FOOD_1_2,Freezer Unit 2,-5.67,F,2025-06-18T06:47:46.050372,sensor_freezer_unit_2_2,-6.7,9383,sqft,Manchester,England,0.8693373507317382
FOOD,facility_FOOD_1,unit_FOOD_1_3,Freezer Unit 3,1.62,F,2025-06-18T06:48:52.050372,sensor_freezer_unit_3_3,0.6,2065,sqft,Manchester,England,0.8659050454327673
FOOD,facility_FOOD_1,unit_FOOD_1_1,Freezer Unit 1,-18.27,F,2025-06-18T06:51:23.050372,sensor_freezer_unit_1_2,-20.1,9606,sqft,Manchester,England,0.8596937281756329
FOOD,facility_FOOD_1,unit_FOOD_1_4,Freezer Unit 4,-15.94,F,2025-06-18T06:56:37.050372,sensor_freezer_unit_4_1,-17.6,1244,sqft,Manchester,England,0.8437190095896424
FOOD,facility_FOOD_1,unit_FOOD_1_1,Freezer Unit 1,-18.26,F,2025-06-18T06:56:39.050372,sensor_freezer_unit_1_3,-20.1,9606,sqft,Manchester,England,0.8320780531172933
FOOD,facility_FOOD_1,unit_FOOD_1_2,Freezer Unit 2,-5.65,F,2025-06-18T06:57:17.050372,sensor_freezer_unit_2_2,-6.7,9383,sqft,Manchester,England,0.8346076683955972
FOOD,facility_FOOD_1,unit_FOOD_1_1,Freezer Unit 1,-18.12,F,2025-06-18T07:01:55.050372,sensor_freezer_unit_1_1,-20.1,9606,sqft,Manchester,England,0.8394064758247114
FOOD,facility_FOOD_1,unit_FOOD_1_3,Freezer Unit 3,1.74,F,2025-06-18T07:02:43.050372,sensor_freezer_unit_3_1,0.6,2065,sqft,Manchester,England,0.8482711665410775
FOOD,facility_FOOD_1,unit_FOOD_1_4,Freezer Unit 4,-16.01,F,2025-06-18T07:05:55.050372,sensor_freezer_unit_4_2,-17.6,1244,sqft,Manchester,England,0.8690250640248287
FOOD,facility_FOOD_1,unit_FOOD_1_2,Freezer Unit 2,-5.71,F,2025-06-18T07:06:48.050372,sensor_freezer_unit_2_3,-6.7,9383,sqft,Manchester,England,0.8386087702550099
FOOD,facility_FOOD_1,unit_FOOD_1_1,Freezer Unit 1,-18.0,F,2025-06-18T07:07:11.050372,sensor_freezer_unit_1_2,-20.1,9606,sqft,Manchester,England,0.8035786556235806
FOOD,facility_FOOD_1,unit_FOOD_1_1,Freezer Unit 1,-18.0,F,2025-06-18T07:12:27.050372,sensor_freezer_unit_1_1,-20.1,9606,sqft,Manchester,England,0.7909789303072996
FOOD,facility_FOOD_1,unit_FOOD_1_4,Freezer Unit 4,-15.93,F,2025-06-18T07:15:13.050372,sensor_freezer_unit_4_1,-17.6,1244,sqft,Manchester,England,0.8389384227291925
FOOD,facility_FOOD_1,unit_FOOD_1_2,Freezer Unit 2,-5.64,F,2025-06-18T07:16:19.050372,sensor_freezer_unit_2_3,-6.7,9383,sqft,Manchester,England,0.8469045628823625
FOOD,facility_FOOD_1,unit_FOOD_1_3,Freezer Unit 3,1.8,F,2025-06-18T07:16:34.050372,sensor_freezer_unit_3_4,0.6,2065,sqft,Manchester,England,0.8310980132813588
FOOD,facility_FOOD_1,unit_FOOD_1_1,Freezer Unit 1,-17.96,F,2025-06-18T07:17:43.050372,sensor_freezer_unit_1_3,-20.1,9606,sqft,Manchester,England,0.7986855072786299
FOOD,facility_FOOD_1,unit_FOOD_1_1,Freezer Unit 1,-18.03,F,2025-06-18T07:22:59.050372,sensor_freezer_unit_1_3,-20.1,9606,sqft,Manchester,England,0.8022916422871861
FOOD,facility_FOOD_1,unit_FOOD_1_4,Freezer Unit 4,-15.82,F,2025-06-18T07:24:31.050372,sensor_freezer_unit_4_3,-17.6,1244,sqft,Manchester,England,0.8511926044943874
FOOD,facility_FOOD_1,unit_FOOD_1_2,Freezer Unit 2,-5.75,F,2025-06-18T07:25:50.050372,sensor_freezer_unit_2_4,-6.7,9383,sqft,Manchester,England,0.8669222498982926
FOOD,facility_FOOD_1,unit_FOOD_1_1,Freezer Unit 1,-18.09,F,2025-06-18T07:28:15.050372,sensor_freezer_unit_1_3,-20.1,9606,sqft,Manchester,England,0.7902363030091694
FOOD,facility_FOOD_1,unit_FOOD_1_3,Freezer Unit 3,1.72,F,2025-06-18T07:30:25.050372,sensor_freezer_unit_3_3,0.6,2065,sqft,Manchester,England,0.8520962016614934
FOOD,facility_FOOD_1,unit_FOOD_1_1,Freezer Unit 1,-18.13,F,2025-06-18T07:33:31.050372,sensor_freezer_unit_1_3,-20.1,9606,sqft,Manchester,England,0.844404424935361
FOOD,facility_FOOD_1,unit_FOOD_1_4,Freezer Unit 4,-15.67,F,2025-06-18T07:33:49.050372,sensor_unknown_532,-17.6,1244,sqft,Manchester,England,0.8306488646821328
FOOD,facility_FOOD_1,unit_FOOD_1_2,Freezer Unit 2,-5.69,F,2025-06-18T07:35:21.050372,sensor_freezer_unit_2_1,-6.7,9383,sqft,Manchester,England,0.8672313680602451
FOOD,facility_FOOD_1,unit_FOOD_1_1,Freezer Unit 1,-18.15,F,2025-06-18T07:38:47.050372,sensor_unknown_466,-20.1,9606,sqft,Manchester,England,0.8589744107009215
FOOD,facility_FOOD_1,unit_FOOD_1_4,Freezer Unit 4,-15.71,F,2025-06-18T07:43:07.050372,sensor_freezer_unit_4_1,-17.6,1244,sqft,Manchester,England,0.8631603743937889
FOOD,facility_FOOD_1,unit_FOOD_1_1,Freezer Unit 1,-18.09,F,2025-06-18T07:44:03.050372,sensor_freezer_unit_1_1,-20.1,9606,sqft,Manchester,England,0.7903276957997928
FOOD,facility_FOOD_1,unit_FOOD_1_3,Freezer Unit 3,1.68,F,2025-06-18T07:44:16.050372,sensor_freezer_unit_3_1,0.6,2065,sqft,Manchester,England,0.8602806381916851
FOOD,facility_FOOD_1,unit_FOOD_1_2,Freezer Unit 2,-5.75,F,2025-06-18T07:44:52.050372,sensor_freezer_unit_2_2,-6.7,9383,sqft,Manchester,England,0.8536740751888275
FOOD,facility_FOOD_1,unit_FOOD_1_1,Freezer Unit 1,-18.02,F,2025-06-18T07:49:19.050372,sensor_freezer_unit_1_2,-20.1,9606,sqft,Manchester,England,0.8118234141856405
FOOD,facility_FOOD_1,unit_FOOD_1_4,Freezer Unit 4,-15.64,F,2025-06-18T07:52:25.050372,sensor_freezer_unit_4_1,-17.6,1244,sqft,Manchester,England,0.8621117824893509
FOOD,facility_FOOD_1,unit_FOOD_1_2,Freezer Unit 2,-5.6,F,2025-06-18T07:54:23.050372,sensor_freezer_unit_2_3,-6.7,9383,sqft,Manchester,England,0.8690995887711574
FOOD,facility_FOOD_1,unit_FOOD_1_1,Freezer Unit 1,-18.05,F,2025-06-18T07:54:35.050372,sensor_freezer_unit_1_1,-20.1,9606,sqft,Manchester,England,0.8115530418792695
FOOD,facility_FOOD_1,unit_FOOD_1_3,Freezer Unit 3,1.85,F,2025-06-18T07:58:07.050372,sensor_freezer_unit_3_2,0.6,2065,sqft,Manchester,England,0.8357437943688977
FOOD,facility_FOOD_1,unit_FOOD_1_1,Freezer Unit 1,-17.96,F,2025-06-18T07:59:51.050372,sensor_freezer_unit_1_3,-20.1,9606,sqft,Manchester,England,0.8044129167730273
FOOD,facility_FOOD_1,unit_FOOD_1_4,Freezer Unit 4,-15.72,F,2025-06-18T08:01:43.050372,sensor_freezer_unit_4_4,-17.6,1244,sqft,Manchester,England,0.8585882798435199
FOOD,facility_FOOD_1,unit_FOOD_1_2,Freezer Unit 2,-5.55,F,2025-06-18T08:03:54.050372,sensor_freezer_unit_2_4,-6.7,9383,sqft,Manchester,England,0.8595897084668302
FOOD,facility_FOOD_1,unit_FOOD_1_1,Freezer Unit 1,-18.1,F,2025-06-18T08:05:07.050372,sensor_freezer_unit_1_4,-20.1,9606,sqft,Manchester,England,0.8006690475059648
FOOD,facility_FOOD_1,unit_FOOD_1_1,Freezer Unit 1,-18.09,F,2025-06-18T08:10:23.050372,sensor_freezer_unit_1_4,-20.1,9606,sqft,Manchester,England,0.8267206944806758
FOOD,facility_FOOD_1,unit_FOOD_1_4,Freezer Unit 4,-15.65,F,2025-06-18T08:11:01.050372,sensor_freezer_unit_4_2,-17.6,1244,sqft,Manchester,England,0.8431663508989004
FOOD,facility_FOOD_1,unit_FOOD_1_3,Freezer Unit 3,1.91,F,2025-06-18T08:11:58.050372,sensor_freezer_unit_3_1,0.6,2065,sqft,Manchester,England,0.8653093934238175
FOOD,facility_FOOD_1,unit_FOOD_1_2,Freezer Unit 2,-5.6,F,2025-06-18T08:13:25.050372,sensor_freezer_unit_2_2,-6.7,9383,sqft,Manchester,England,0.8624082975768275
FOOD,facility_FOOD_1,unit_FOOD_1_1,Freezer Unit 1,-17.92,F,2025-06-18T08:15:39.050372,sensor_freezer_unit_1_4,-20.1,9606,sqft,Manchester,England,0.8139405891262009
FOOD,facility_FOOD_1,unit_FOOD_1_4,Freezer Unit 4,-15.62,F,2025-06-18T08:20:19.050372,sensor_freezer_unit_4_2,-17.6,1244,sqft,Manchester,England,0.8474396881420756
FOOD,facility_FOOD_1,unit_FOOD_1_1,Freezer Unit 1,-18.04,F,2025-06-18T08:20:55.050372,sensor_freezer_unit_1_2,-20.1,9606,sqft,Manchester,England,0.789521523600985
FOOD,facility_FOOD_1,unit_FOOD_1_2,Freezer Unit 2,-5.53,F,2025-06-18T08:22:56.050372,sensor_freezer_unit_2_3,-6.7,9383,sqft,Manchester,England,0.8660671361573189
FOOD,facility_FOOD_1,unit_FOOD_1_3,Freezer Unit 3,2.03,F,2025-06-18T08:25:49.050372,sensor_freezer_unit_3_2,0.6,2065,sqft,Manchester,England,0.8613400669733315
FOOD,facility_FOOD_1,unit_FOOD_1_1,Freezer Unit 1,-18.02,F,2025-06-18T08:26:11.050372,sensor_unknown_840,-20.1,9606,sqft,Manchester,England,0.8198723251562843
FOOD,facility_FOOD_1,unit_FOOD_1_4,Freezer Unit 4,-15.66,F,2025-06-18T08:29:37.050372,sensor_freezer_unit_4_3,-17.6,1244,sqft,Manchester,England,0.8596718735774947
FOOD,facility_FOOD_1,unit_FOOD_1_1,Freezer Unit 1,-17.97,F,2025-06-18T08:31:27.050372,sensor_freezer_unit_1_4,-20.1,9606,sqft,Manchester,England,0.8218748906225574
FOOD,facility_FOOD_1,unit_FOOD_1_2,Freezer Unit 2,-5.58,F,2025-06-18T08:32:27.050372,sensor_freezer_unit_2_4,-6.7,9383,sqft,Manchester,England,0.866075106539651
FOOD,facility_FOOD_1,unit_FOOD_1_1,Freezer Unit 1,-18.04,F,2025-06-18T08:36:43.050372,sensor_freezer_unit_1_1,-20.1,9606,sqft,Manchester,England,0.7920104936363324
FOOD,facility_FOOD_1,unit_FOOD_1_4,Freezer Unit 4,-15.66,F,2025-06-18T08:38:55.050372,sensor_freezer_unit_4_1,-17.6,1244,sqft,Manchester,England,0.8430447068098521
FOOD,facility_FOOD_1,unit_FOOD_1_3,Freezer Unit 3,2.05,F,2025-06-18T08:39:40.050372,sensor_freezer_unit_3_1,0.6,2065,sqft,Manchester,England,0.8479389296826084
FOOD,facility_FOOD_1,unit_FOOD_1_2,Freezer Unit 2,-5.58,F,2025-06-18T08:41:58.050372,sensor_freezer_unit_2_2,-6.7,9383,sqft,Manchester,England,0.8388267713377126
FOOD,facility_FOOD_1,unit_FOOD_1_1,Freezer Unit 1,-18.07,F,2025-06-18T08:41:59.050372,sensor_freezer_unit_1_1,-20.1,9606,sqft,Manchester,England,0.79782823711391
FOOD,facility_FOOD_1,unit_FOOD_1_1,Freezer Unit 1,-17.92,F,2025-06-18T08:47:15.050372,sensor_freezer_unit_1_4,-20.1,9606,sqft,Manchester,England,0.8105895263601937
FOOD,facility_FOOD_1,unit_FOOD_1_4,Freezer Unit 4,-15.69,F,2025-06-18T08:48:13.050372,sensor_freezer_unit_4_1,-17.6,1244,sqft,Manchester,England,0.8333847627025668
FOOD,facility_FOOD_1,unit_FOOD_1_2,Freezer Unit 2,-5.63,F,2025-06-18T08:51:29.050372,sensor_freezer_unit_2_1,-6.7,9383,sqft,Manchester,England,0.8424321118846634
FOOD,facility_FOOD_1,unit_FOOD_1_1,Freezer Unit 1,-17.98,F,2025-06-18T08:52:31.050372,sensor_freezer_unit_1_4,-20.1,9606,sqft,Manchester,England,0.8243513413189747
FOOD,facility_FOOD_1,unit_FOOD_1_3,Freezer Unit 3,2.23,F,2025-06-18T08:53:31.050372,sensor_freezer_unit_3_2,0.6,2065,sqft,Manchester,England,0.8581136765276364
FOOD,facility_FOOD_1,unit_FOOD_1_4,Freezer Unit 4,-15.71,F,2025-06-18T08:57:31.050372,sensor_freezer_unit_4_4,-17.6,1244,sqft,Manchester,England,0.8602929011508339
FOOD,facility_FOOD_1,unit_FOOD_1_1,Freezer Unit 1,-17.95,F,2025-06-18T08:57:47.050372,sensor_freezer_unit_1_3,-20.1,9606,sqft,Manchester,England,0.7964342432912505
FOOD,facility_FOOD_1,unit_FOOD_1_2,Freezer Unit 2,-5.61,F,2025-06-18T09:01:00.050372,sensor_freezer_unit_2_3,-6.7,9383,sqft,Manchester,England,0.8543349624065144
FOOD,facility_FOOD_1,unit_FOOD_1_1,Freezer Unit 1,-18.18,F,2025-06-18T09:03:03.050372,sensor_freezer_unit_1_2,-20.1,9606,sqft,Manchester,England,0.8571702034381394
FOOD,facility_FOOD_1,unit_FOOD_1_4,Freezer Unit 4,-15.66,F,2025-06-18T09:06:49.050372,sensor_freezer_unit_4_3,-17.6,1244,sqft,Manchester,England,0.8653287295346455
FOOD,facility_FOOD_1,unit_FOOD_1_3,Freezer Unit 3,2.15,F,2025-06-18T09:07:22.050372,sensor_freezer_unit_3_4,0.6,2065,sqft,Manchester,England,0.8425309961381447
FOOD,facility_FOOD_1,unit_FOOD_1_1,Freezer Unit 1,-18.28,F,2025-06-18T09:08:19.050372,sensor_freezer_unit_1_2,-20.1,9606,sqft,Manchester,England,0.8660419587456496
FOOD,facility_FOOD_1,unit_FOOD_1_2,Freezer Unit 2,-5.65,F,2025-06-18T09:10:31.050372,sensor_freezer_unit_2_3,-6.7,9383,sqft,Manchester,England,0.8500543565553179
FOOD,facility_FOOD_1,unit_FOOD_1_1,Freezer Unit 1,-18.25,F,2025-06-18T09:13:35.050372,sensor_freezer_unit_1_1,-20.1,9606,sqft,Manchester,England,0.8598611265811004
FOOD,facility_FOOD_1,unit_FOOD_1_4,Freezer Unit 4,-15.85,F,2025-06-18T09:16:07.050372,sensor_freezer_unit_4_2,-17.6,1244,sqft,Manchester,England,0.8576950832932989
FOOD,facility_FOOD_1,unit_FOOD_1_1,Freezer Unit 1,-18.23,F,2025-06-18T09:18:51.050372,sensor_freezer_unit_1_4,-20.1,9606,sqft,Manchester,England,0.857547566689779
FOOD,facility_FOOD_1,unit_FOOD_1_2,Freezer Unit 2,-5.48,F,2025-06-18T09:20:02.050372,sensor_freezer_unit_2_1,-6.7,9383,sqft,Manchester,England,0.8349667941415915
FOOD,facility_FOOD_1,unit_FOOD_1_3,Freezer Unit 3,1.98,F,2025-06-18T09:21:13.050372,sensor_freezer_unit_3_4,0.6,2065,sqft,Manchester,England,0.8349586474562364
FOOD,facility_FOOD_1,unit_FOOD_1_1,Freezer Unit 1,-18.13,F,2025-06-18T09:24:07.050372,sensor_freezer_unit_1_3,-20.1,9606,sqft,Manchester,England,0.8696750370612504
FOOD,facility_FOOD_1,unit_FOOD_1_4,Freezer Unit 4,-15.77,F,2025-06-18T09:25:25.050372,sensor_freezer_unit_4_3,-17.6,1244,sqft,Manchester,England,0.8340385409554439
FOOD,facility_FOOD_1,unit_FOOD_1_1,Freezer Unit 1,-18.18,F,2025-06-18T09:29:23.050372,sensor_freezer_unit_1_1,-20.1,9606,sqft,Manchester,England,0.8379458581272445
FOOD,facility_FOOD_1,unit_FOOD_1_2,Freezer Unit 2,-5.57,F,2025-06-18T09:29:33.050372,sensor_unknown_2,-6.7,9383,sqft,Manchester,England,0.8399363433957532
FOOD,facility_FOOD_1,unit_FOOD_1_1,Freezer Unit 1,-18.19,F,2025-06-18T09:34:39.050372,sensor_freezer_unit_1_3,-20.1,9606,sqft,Manchester,England,0.8660047979750798
FOOD,facility_FOOD_1,unit_FOOD_1_4,Freezer Unit 4,-15.77,F,2025-06-18T09:34:43.050372,sensor_freezer_unit_4_3,-17.6,1244,sqft,Manchester,England,0.8457535833991183
FOOD,facility_FOOD_1,unit_FOOD_1_3,Freezer Unit 3,2.04,F,2025-06-18T09:35:04.050372,sensor_freezer_unit_3_2,0.6,2065,sqft,Manchester,England,0.8435370609810582
FOOD,facility_FOOD_1,unit_FOOD_1_2,Freezer Unit 2,-5.46,F,2025-06-18T09:39:04.050372,sensor_freezer_unit_2_1,-6.7,9383,sqft,Manchester,England,0.8342034448044866
FOOD,facility_FOOD_1,unit_FOOD_1_1,Freezer Unit 1,-18.08,F,2025-06-18T09:39:55.050372,sensor_freezer_unit_1_1,-20.1,9606,sqft,Manchester,England,0.8005869482698409
FOOD,facility_FOOD_1,unit_FOOD_1_4,Freezer Unit 4,-15.94,F,2025-06-18T09:44:01.050372,sensor_freezer_unit_4_4,-17.6,1244,sqft,Manchester,England,0.8659128584601091
FOOD,facility_FOOD_1,unit_FOOD_1_1,Freezer Unit 1,-17.99,F,2025-06-18T09:45:11.050372,sensor_freezer_unit_1_2,-20.1,9606,sqft,Manchester,England,0.8218458561608712
FOOD,facility_FOOD_1,unit_FOOD_1_2,Freezer Unit 2,-5.43,F,2025-06-18T09:48:35.050372,sensor_freezer_unit_2_3,-6.7,9383,sqft,Manchester,England,0.8488366235045046
FOOD,facility_FOOD_1,unit_FOOD_1_3,Freezer Unit 3,1.98,F,2025-06-18T09:48:55.050372,sensor_freezer_unit_3_2,0.6,2065,sqft,Manchester,England,0.8674410160060738
FOOD,facility_FOOD_1,unit_FOOD_1_1,Freezer Unit 1,-17.95,F,2025-06-18T09:50:27.050372,sensor_freezer_unit_1_2,-20.1,9606,sqft,Manchester,England,0.7997658089544346
FOOD,facility_FOOD_1,unit_FOOD_1_4,Freezer Unit 4,-16.04,F,2025-06-18T09:53:19.050372,sensor_freezer_unit_4_4,-17.6,1244,sqft,Manchester,England,0.8483198267250159
FOOD,facility_FOOD_1,unit_FOOD_1_1,Freezer Unit 1,-17.8,F,2025-06-18T09:55:43.050372,sensor_freezer_unit_1_3,-20.1,9606,sqft,Manchester,England,0.7969743740783723
FOOD,facility_FOOD_1,unit_FOOD_1_2,Freezer Unit 2,-5.4,F,2025-06-18T09:58:06.050372,sensor_freezer_unit_2_4,-6.7,9383,sqft,Manchester,England,0.8626070793533009
FOOD,facility_FOOD_1,unit_FOOD_1_1,Freezer Unit 1,-17.68,F,2025-06-18T10:00:59.050372,sensor_freezer_unit_1_4,-20.1,9606,sqft,Manchester,England,0.8092844025851205
FOOD,facility_FOOD_1,unit_FOOD_1_4,Freezer Unit 4,-15.87,F,2025-06-18T10:02:37.050372,sensor_freezer_unit_4_1,-17.6,1244,sqft,Manchester,England,0.8616473161792898
FOOD,facility_FOOD_1,unit_FOOD_1_3,Freezer Unit 3,1.99,F,2025-06-18T10:02:46.050372,sensor_freezer_unit_3_3,0.6,2065,sqft,Manchester,England,0.8557937160233274
FOOD,facility_FOOD_1,unit_FOOD_1_1,Freezer Unit 1,-17.75,F,2025-06-18T10:06:15.050372,sensor_freezer_unit_1_1,-20.1,9606,sqft,Manchester,England,0.8015834876696012
FOOD,facility_FOOD_1,unit_FOOD_1_2,Freezer Unit 2,-5.44,F,2025-06-18T10:07:37.050372,sensor_freezer_unit_2_1,-6.7,9383,sqft,Manchester,England,0.8368357259898589
FOOD,facility_FOOD_1,unit_FOOD_1_1,Freezer Unit 1,-17.94,F,2025-06-18T10:11:31.050372,sensor_freezer_unit_1_2,-20.1,9606,sqft,Manchester,England,0.798695759125876
FOOD,facility_FOOD_1,unit_FOOD_1_4,Freezer Unit 4,-15.79,F,2025-06-18T10:11:55.050372,sensor_freezer_unit_4_3,-17.6,1244,sqft,Manchester,England,0.8670703199245946
FOOD,facility_FOOD_1,unit_FOOD_1_3,Freezer Unit 3,2.05,F,2025-06-18T10:16:37.050372,sensor_freezer_unit_3_3,0.6,2065,sqft,Manchester,England,0.8466256714639747
FOOD,facility_FOOD_1,unit_FOOD_1_1,Freezer Unit 1,-17.95,F,2025-06-18T10:16:47.050372,sensor_freezer_unit_1_3,-20.1,9606,sqft,Manchester,England,0.8152728417159711
FOOD,facility_FOOD_1,unit_FOOD_1_2,Freezer Unit 2,-5.46,F,2025-06-18T10:17:08.050372,sensor_freezer_unit_2_4,-6.7,9383,sqft,Manchester,England,0.8375007395029146
FOOD,facility_FOOD_1,unit_FOOD_1_4,Freezer Unit 4,-15.81,F,2025-06-18T10:21:13.050372,sensor_freezer_unit_4_2,-17.6,1244,sqft,Manchester,England,0.8638477615375765
FOOD,facility_FOOD_1,unit_FOOD_1_1,Freezer Unit 1,-17.99,F,2025-06-18T10:22:03.050372,sensor_freezer_unit_1_2,-20.1,9606,sqft,Manchester,England,0.8199649752249327
FOOD,facility_FOOD_1,unit_FOOD_1_2,Freezer Unit 2,-5.36,F,2025-06-18T10:26:39.050372,sensor_freezer_unit_2_4,-6.7,9383,sqft,Manchester,England,0.8637807769120556
FOOD,facility_FOOD_1,unit_FOOD_1_1,Freezer Unit 1,-18.06,F,2025-06-18T10:27:19.050372,sensor_freezer_unit_1_4,-20.1,9606,sqft,Manchester,England,0.8240166162923229
FOOD,facility_FOOD_1,unit_FOOD_1_3,Freezer Unit 3,2.08,F,2025-06-18T10:30:28.050372,sensor_freezer_unit_3_1,0.6,2065,sqft,Manchester,England,0.8465346478996181
FOOD,facility_FOOD_1,unit_FOOD_1_4,Freezer Unit 4,-15.73,F,2025-06-18T10:30:31.050372,sensor_freezer_unit_4_4,-17.6,1244,sqft,Manchester,England,0.8649460881753982
FOOD,facility_FOOD_1,unit_FOOD_1_1,Freezer Unit 1,-18.0,F,2025-06-18T10:32:35.050372,sensor_freezer_unit_1_4,-20.1,9606,sqft,Manchester,England,0.7993878983635841
FOOD,facility_FOOD_1,unit_FOOD_1_2,Freezer Unit 2,-5.42,F,2025-06-18T10:36:10.050372,sensor_freezer_unit_2_2,-6.7,9383,sqft,Manchester,England,0.8581872087251812
FOOD,facility_FOOD_1,unit_FOOD_1_1,Freezer Unit 1,-18.0,F,2025-06-18T10:37:51.050372,sensor_freezer_unit_1_4,-20.1,9606,sqft,Manchester,England,0.8070329634086286
FOOD,facility_FOOD_1,unit_FOOD_1_4,Freezer Unit 4,-15.66,F,2025-06-18T10:39:49.050372,sensor_freezer_unit_4_3,-17.6,1244,sqft,Manchester,England,0.845310996867209
FOOD,facility_FOOD_1,unit_FOOD_1_1,Freezer Unit 1,-17.97,F,2025-06-18T10:43:07.050372,sensor_freezer_unit_1_3,-20.1,9606,sqft,Manchester,England,0.8075072728715195
FOOD,facility_FOOD_1,unit_FOOD_1_3,Freezer Unit 3,2.08,F,2025-06-18T10:44:19.050372,sensor_freezer_unit_3_2,0.6,2065,sqft,Manchester,England,0.8406394894608811
FOOD,facility_FOOD_1,unit_FOOD_1_2,Freezer Unit 2,-5.44,F,2025-06-18T10:45:41.050372,sensor_freezer_unit_2_2,-6.7,9383,sqft,Manchester,England,0.8314333493888281
FOOD,facility_FOOD_1,unit_FOOD_1_1,Freezer Unit 1,-17.86,F,2025-06-18T10:48:23.050372,sensor_freezer_unit_1_4,-20.1,9606,sqft,Manchester,England,0.7926895370122132
FOOD,facility_FOOD_1,unit_FOOD_1_4,Freezer Unit 4,-15.74,F,2025-06-18T10:49:07.050372,sensor_freezer_unit_4_2,-17.6,1244,sqft,Manchester,England,0.8526413398309333
FOOD,facility_FOOD_1,unit_FOOD_1_1,Freezer Unit 1,-17.79,F,2025-06-18T10:53:39.050372,sensor_freezer_unit_1_4,-20.1,9606,sqft,Manchester,England,0.7946576871141007
FOOD,facility_FOOD_1,unit_FOOD_1_2,Freezer Unit 2,-5.47,F,2025-06-18T10:55:12.050372,sensor_freezer_unit_2_1,-6.7,9383,sqft,Manchester,England,0.8615715675932655
FOOD,facility_FOOD_1,unit_FOOD_1_3,Freezer Unit 3,1.96,F,2025-06-18T10:58:10.050372,sensor_freezer_unit_3_1,0.6,2065,sqft,Manchester,England,0.8574528438419439
FOOD,facility_FOOD_1,unit_FOOD_1_4,Freezer Unit 4,-15.72,F,2025-06-18T10:58:25.050372,sensor_freezer_unit_4_1,-17.6,1244,sqft,Manchester,England,0.8635704354543544
FOOD,facility_FOOD_1,unit_FOOD_1_1,Freezer Unit 1,-17.76,F,2025-06-18T10:58:55.050372,sensor_freezer_unit_1_4,-20.1,9606,sqft,Manchester,England,0.7928386054074873
FOOD,facility_FOOD_1,unit_FOOD_1_1,Freezer Unit 1,-17.78,F,2025-06-18T11:04:11.050372,sensor_freezer_unit_1_4,-20.1,9606,sqft,Manchester,England,0.7984714353307332
FOOD,facility_FOOD_1,unit_FOOD_1_2,Freezer Unit 2,-5.47,F,2025-06-18T11:04:43.050372,sensor_freezer_unit_2_4,-6.7,9383,sqft,Manchester,England,0.8504897987277787
FOOD,facility_FOOD_1,unit_FOOD_1_4,Freezer Unit 4,-15.71,F,2025-06-18T11:07:43.050372,sensor_freezer_unit_4_4,-17.6,1244,sqft,Manchester,England,0.8642701897035562
FOOD,facility_FOOD_1,unit_FOOD_1_1,Freezer Unit 1,-17.71,F,2025-06-18T11:09:27.050372,sensor_freezer_unit_1_1,-20.1,9606,sqft,Manchester,England,0.7897638261596677
FOOD,facility_FOOD_1,unit_FOOD_1_3,Freezer Unit 3,1.9,F,2025-06-18T11:12:01.050372,sensor_freezer_unit_3_3,0.6,2065,sqft,Manchester,England,0.8668161308238052
FOOD,facility_FOOD_1,unit_FOOD_1_2,Freezer Unit 2,-5.31,F,2025-06-18T11:14:14.050372,sensor_freezer_unit_2_1,-6.7,9383,sqft,Manchester,England,0.8373584224953213
FOOD,facility_FOOD_1,unit_FOOD_1_1,Freezer Unit 1,-17.62,F,2025-06-18T11:14:43.050372,sensor_freezer_unit_1_3,-20.1,9606,sqft,Manchester,England,0.8130375225330753
FOOD,facility_FOOD_1,unit_FOOD_1_4,Freezer Unit 4,-15.67,F,2025-06-18T11:17:01.050372,sensor_freezer_unit_4_1,-17.6,1244,sqft,Manchester,England,0.8636175665063701
FOOD,facility_FOOD_1,unit_FOOD_1_1,Freezer Unit 1,-17.59,F,2025-06-18T11:19:59.050372,sensor_freezer_unit_1_1,-20.1,9606,sqft,Manchester,England,0.827018871448011
FOOD,facility_FOOD_1,unit_FOOD_1_2,Freezer Unit 2,-5.47,F,2025-06-18T11:23:45.050372,sensor_freezer_unit_2_4,-6.7,9383,sqft,Manchester,England,0.8680349802759276
FOOD,facility_FOOD_1,unit_FOOD_1_1,Freezer Unit 1,-17.58,F,2025-06-18T11:25:15.050372,sensor_freezer_unit_1_3,-20.1,9606,sqft,Manchester,England,0.8146598705080947
FOOD,facility_FOOD_1,unit_FOOD_1_3,Freezer Unit 3,1.98,F,2025-06-18T11:25:52.050372,sensor_freezer_unit_3_1,0.6,2065,sqft,Manchester,England,0.8327812062042812
FOOD,facility_FOOD_1,unit_FOOD_1_4,Freezer Unit 4,-15.68,F,2025-06-18T11:26:19.050372,sensor_freezer_unit_4_4,-17.6,1244,sqft,Manchester,England,0.8593407715278532
FOOD,facility_FOOD_1,unit_FOOD_1_1,Freezer Unit 1,-17.64,F,2025-06-18T11:30:31.050372,sensor_freezer_unit_1_2,-20.1,9606,sqft,Manchester,England,0.8062605194857579
FOOD,facility_FOOD_1,unit_FOOD_1_2,Freezer Unit 2,-5.47,F,2025-06-18T11:33:16.050372,sensor_freezer_unit_2_1,-6.7,9383,sqft,Manchester,England,0.8436419571035505
FOOD,facility_FOOD_1,unit_FOOD_1_4,Freezer Unit 4,-15.61,F,2025-06-18T11:35:37.050372,sensor_freezer_unit_4_4,-17.6,1244,sqft,Manchester,England,0.8313023804188209
FOOD,facility_FOOD_1,unit_FOOD_1_1,Freezer Unit 1,-17.6,F,2025-06-18T11:35:47.050372,sensor_freezer_unit_1_2,-20.1,9606,sqft,Manchester,England,0.8133546390765318
